,GreenUsers,NormalUsers,Period,TotalEmission,SimulationIndex
0,10,0,0,2830.2548080765227,0
1,10,0,1,2830.2548080765227,0
2,10,0,0,2539.7069400122728,1
3,10,0,1,2539.7069400122728,1
4,10,0,0,2492.4784542147313,2
5,10,0,1,2492.4784542147313,2
0,10,0,0,2750.608997784454,3
1,10,0,1,2750.608997784454,3
