,AgentId,Period,UtilityDisparity,Emissions,DeliveryPlan
0,0,0,0.03824454009423972,189.52996893007403,Green
1,0,1,0.038228096854993954,189.52996893007403,Green
0,1,0,0.03979810979561771,268.9199587005823,Green
1,1,1,0.039776805698221285,268.9199587005823,Green
0,2,0,0.034602830029510034,208.26595628000325,Green
1,2,1,0.03458587077111952,208.26595628000325,Green
