GreenUsers,NormalUsers,Period,TotalEmission,SimulationIndex
44,6,0,10163.830002879131,0
44,6,1,10163.830002879131,0
44,6,2,10163.830002879131,0
44,6,3,10163.830002879131,0
44,6,4,10163.830002879131,0
44,6,5,10163.830002879131,0
44,6,6,10163.830002879131,0
44,6,7,10163.830002879131,0
44,6,8,10163.830002879131,0
44,6,9,10163.830002879131,0
