,AgentId,Period,UtilityDisparity,Emissions,DeliveryPlan
0,0,0,0.04362336513479592,311.2666594715315,Green
1,0,1,0.043600369449970255,311.2666594715315,Green
0,1,0,0.0414683746369402,205.27275029747457,Green
1,1,1,0.04144266004190911,205.27275029747457,Green
0,2,0,0.038037840702827896,294.6343573607502,Green
1,2,1,0.03801869601443508,294.6343573607502,Green
