Period,AgentId,Budget,SelectedDeliveryPlan,UtilityIfGreen,UtilityIfNormal,UtilityDisparity,Emissions
0,0,5192.515691486103,Green,6.648799757689406,6.63954336373052,0.009256393958885667,50.75121916747992
1,0,5192.515691486103,Green,6.648799757689406,6.63954336373052,0.009256393958885667,50.75121916747992
0,1,3177.6829932518467,Green,6.527074738702839,6.520881813783275,0.006192924919564469,47.06434088572329
1,1,3177.6829932518467,Green,6.527074738702839,6.520881813783275,0.006192924919564469,47.06434088572329
0,2,1761.9445007994436,Green,6.172563977611756,6.17131206787331,0.001251909738446244,30.999595189004022
1,2,1761.9445007994436,Green,6.172563977611756,6.17131206787331,0.001251909738446244,30.999595189004022
