Period,AgentId,Budget,SelectedDeliveryPlan,UtilityIfGreen,UtilityIfNormal,UtilityDisparity,Emissions
0,0,2480.415732274998,Green,6.1619040841419075,6.155787233064842,0.006116851077065277,41.54751741299148
1,0,2480.415732274998,Green,6.161898808913757,6.155787233064842,0.006111575848914974,41.54751741299148
0,1,1625.183216841783,Green,5.880706910612051,5.877783104545907,0.0029238060661436194,36.85992062291259
1,1,1625.183216841783,Green,5.880700985658247,5.877783104545907,0.002917881112339593,36.85992062291259
0,2,2199.311457449034,Green,6.3718346275023094,6.368932910973067,0.0029017165292426483,36.14272268392466
1,2,2199.311457449034,Green,6.371829618111464,6.368932910973067,0.002896707138397403,36.14272268392466
